-- phpMyAdmin SQL Dump
-- version 4.2.12deb2+deb8u1
-- http://www.phpmyadmin.net
--
-- Host: localhost
-- Generation Time: Apr 05, 2016 at 05:53 PM
-- Server version: 5.5.44-0+deb8u1
-- PHP Version: 5.6.17-0+deb8u1

SET SQL_MODE = "NO_AUTO_VALUE_ON_ZERO";
SET time_zone = "+00:00";


/*!40101 SET @OLD_CHARACTER_SET_CLIENT=@@CHARACTER_SET_CLIENT */;
/*!40101 SET @OLD_CHARACTER_SET_RESULTS=@@CHARACTER_SET_RESULTS */;
/*!40101 SET @OLD_COLLATION_CONNECTION=@@COLLATION_CONNECTION */;
/*!40101 SET NAMES utf8 */;

--
-- Database: `hueme`
--

-- --------------------------------------------------------

--
-- Table structure for table `comments`
--

CREATE TABLE IF NOT EXISTS `comments` (
`id` int(11) NOT NULL,
  `create_time` timestamp NULL DEFAULT CURRENT_TIMESTAMP,
  `content` tinytext NOT NULL,
  `is_active` tinyint(1) NOT NULL DEFAULT '1',
  `posts_id` int(11) NOT NULL,
  `users_id` int(11) NOT NULL
) ENGINE=InnoDB AUTO_INCREMENT=17 DEFAULT CHARSET=utf8;

--
-- Dumping data for table `comments`
--

INSERT INTO `comments` (`id`, `create_time`, `content`, `is_active`, `posts_id`, `users_id`) VALUES
(1, '2016-02-09 07:02:56', 'You suck, jackass!!!', 1, 2, 1),
(2, '2016-02-09 07:02:56', 'Be Happy! :)', 1, 2, 2),
(3, '2016-02-09 08:48:18', 'stop crying already', 1, 4, 5),
(4, '2016-02-09 08:48:18', 'great to hear', 1, 5, 2),
(7, '2016-02-09 08:50:40', 'stop crying already', 1, 4, 5),
(8, '2016-02-09 08:50:40', 'great to hear', 1, 5, 2),
(9, '2016-02-09 08:50:40', 'don''t know what else to put :(', 1, 14, 4),
(10, '2016-03-09 08:04:17', 'replying to you post...', 1, 16, 4),
(11, '2016-03-16 07:55:59', 'replying to you post...', 1, 16, 4),
(12, '2016-03-16 07:57:27', 'replying to you post...', 1, 19, 188),
(13, '2016-03-16 08:55:57', 'replying to you post...', 1, 22, 188),
(14, '2016-03-21 03:53:24', 'that sux man... get better soon', 1, 23, 23),
(15, '2016-03-21 03:53:48', 'that sux man... get better soon', 1, 24, 23),
(16, '2016-03-21 03:55:54', 'that sux man... get better soon', 1, 24, 23);

-- --------------------------------------------------------

--
-- Table structure for table `mood_colours`
--

CREATE TABLE IF NOT EXISTS `mood_colours` (
`id` int(11) NOT NULL,
  `colour` varchar(15) DEFAULT NULL
) ENGINE=InnoDB AUTO_INCREMENT=7 DEFAULT CHARSET=utf8;

--
-- Dumping data for table `mood_colours`
--

INSERT INTO `mood_colours` (`id`, `colour`) VALUES
(1, 'blue'),
(2, 'green'),
(3, 'orange'),
(4, 'yellow'),
(5, 'red'),
(6, 'pink');

-- --------------------------------------------------------

--
-- Table structure for table `notify`
--

CREATE TABLE IF NOT EXISTS `notify` (
  `id` int(11) NOT NULL,
  `IsRead` tinyint(1) DEFAULT NULL,
  `create_time` timestamp NULL DEFAULT CURRENT_TIMESTAMP,
  `post_id` int(11) DEFAULT NULL,
  `users_id` int(11) NOT NULL
) ENGINE=InnoDB DEFAULT CHARSET=utf8;

-- --------------------------------------------------------

--
-- Table structure for table `posts`
--

CREATE TABLE IF NOT EXISTS `posts` (
`id` int(11) NOT NULL,
  `create_time` timestamp NOT NULL DEFAULT CURRENT_TIMESTAMP,
  `content` tinytext NOT NULL,
  `is_active` tinyint(1) NOT NULL DEFAULT '1',
  `tags` varchar(50) DEFAULT NULL,
  `mood_colours_id` int(11) NOT NULL,
  `users_id` int(11) NOT NULL
) ENGINE=InnoDB AUTO_INCREMENT=26 DEFAULT CHARSET=utf8 COMMENT='				';

--
-- Dumping data for table `posts`
--

INSERT INTO `posts` (`id`, `create_time`, `content`, `is_active`, `tags`, `mood_colours_id`, `users_id`) VALUES
(1, '2016-02-09 06:59:25', 'this is an awesome post', 1, NULL, 2, 3),
(2, '2016-02-09 06:59:25', 'This post is negative :(', 1, NULL, 1, 2),
(3, '2016-02-09 07:04:30', 'Today Was so shitty!', 1, NULL, 2, 3),
(4, '2016-02-09 07:04:30', 'make this happen!', 1, NULL, 1, 3),
(5, '2016-02-09 08:40:36', 'what a tangled web we weive', 1, 'spider, snake', 4, 4),
(11, '2016-02-09 08:45:00', 'what a tangled web we weive', 1, 'hack, code', 3, 5),
(12, '2016-02-09 08:45:00', 'reply to this', 1, 'cat, dog', 5, 3),
(13, '2016-02-09 08:45:00', 'this is a really ndumb post', 1, 'hockey, basketball', 2, 4),
(14, '2016-02-09 08:45:00', 'LAMP is awesome', 1, 'computer, web development', 6, 5),
(15, '2016-03-09 07:21:02', 'this is a ne post people', 1, 'awesome cool chill', 4, 3),
(16, '2016-03-09 07:40:35', 'this is a post', 1, 'awesome cool wow', 3, 3),
(17, '2016-03-09 07:42:51', 'Making posts folks...', 1, 'awesome wow', 5, 4),
(18, '2016-03-09 07:51:37', 'Making posts folks...', 1, 'awesome wow', 5, 4),
(19, '2016-03-16 07:56:23', 'Making posts folks...', 1, 'awesome wow', 5, 4),
(20, '2016-03-16 07:58:40', 'Posts are innnnnnn.......', 1, 'describe happy day', 3, 188),
(21, '2016-03-16 08:48:38', 'Posts are innnnnnn.......', 1, 'describe happy day', 3, 188),
(22, '2016-03-16 08:54:11', 'Making my first post, this site is awesome', 0, 'awesome dude', 5, 191),
(23, '2016-03-21 03:41:22', 'what a day it has been, want to sleep.....', 1, 'cool, fool, awesome', 4, 188),
(24, '2016-03-21 03:45:03', 'what a day it has been, want to sleep.....', 1, 'cool, fool, awesome', 4, 188),
(25, '2016-03-21 03:53:16', 'what a day it has been, want to sleep.....', 0, 'cool, fool, awesome', 4, 188);

-- --------------------------------------------------------

--
-- Table structure for table `session_record`
--

CREATE TABLE IF NOT EXISTS `session_record` (
  `id` varchar(40) NOT NULL,
  `ip_address` varchar(45) NOT NULL,
  `user_agent` varchar(255) DEFAULT NULL,
  `last_activity` int(10) NOT NULL,
  `data` blob NOT NULL,
  `timestamp` int(10) NOT NULL
) ENGINE=InnoDB DEFAULT CHARSET=utf8;

--
-- Dumping data for table `session_record`
--

INSERT INTO `session_record` (`id`, `ip_address`, `user_agent`, `last_activity`, `data`, `timestamp`) VALUES
('066fbe8b790db8c809bdc06da40d2bf4319b93e8', '69.156.176.219', NULL, 0, 0x5f5f63695f6c6173745f726567656e65726174657c693a313435383531303535353b, 1458510562),
('089a245e885b9eb80aeab1d815abdc2981c95bb4', '64.233.172.250', NULL, 0, 0x5f5f63695f6c6173745f726567656e65726174657c693a313435383131383131383b, 1458118357),
('09a018c072e81d64332fd80bf6c2f56fd4259705', '64.233.172.139', NULL, 0, 0x5f5f63695f6c6173745f726567656e65726174657c693a313435383130303335323b, 1458100354),
('09ffb8d8b80f709d2e01a9620fafabaf8b00d2f1', '64.233.172.131', NULL, 0, 0x5f5f63695f6c6173745f726567656e65726174657c693a313435383539343633393b, 1458594641),
('0a837bb568ded5a9df53f09219acc50d680f19ef', '69.156.176.219', NULL, 0, 0x5f5f63695f6c6173745f726567656e65726174657c693a313435383533343535333b, 1458534565),
('0a9f0b8e0719a080ad0438f00fd7c5002c2f41f1', '69.156.176.219', NULL, 0, 0x5f5f63695f6c6173745f726567656e65726174657c693a313435383738393637343b, 1458789821),
('0b336db8c69e5c7e38b7ec9929515897ccbd46f6', '64.233.172.139', NULL, 0, 0x5f5f63695f6c6173745f726567656e65726174657c693a313435383230363235303b, 1458206418),
('0d842f4a9975333ec7b5efa4bfd5ded7f39a167a', '::1', NULL, 0, 0x5f5f63695f6c6173745f726567656e65726174657c693a313435373438303638343b, 1457480946),
('0ec2d0d2adcd7a2c42fe4b3aa93837916e793f67', '::1', NULL, 0, 0x5f5f63695f6c6173745f726567656e65726174657c693a313435363839393331353b, 1456899531),
('0f4820c492ef545e112068a79dc71bac5ed6b846', '205.211.142.130', NULL, 0, 0x5f5f63695f6c6173745f726567656e65726174657c693a313435393139303337393b, 1459190379),
('0fe52e6a7b29addf766d1bc6003a0a1f81044972', '::1', NULL, 0, 0x5f5f63695f6c6173745f726567656e65726174657c693a313435373531303336313b, 1457510657),
('1', '::1', NULL, 0, 0x5f5f63695f6c6173745f726567656e65726174657c693a313435363334323135363b, 1456342158),
('1052d505bc1ddbf6e9b78db21edee3f38c6a281e', '24.57.53.41', NULL, 0, 0x5f5f63695f6c6173745f726567656e65726174657c693a313435383533323038323b, 1458532339),
('11919ea6a3930eece624f948da1de678ed631612', '64.233.172.250', NULL, 0, 0x5f5f63695f6c6173745f726567656e65726174657c693a313435393133393939343b, 1459140291),
('131863b9a4ce77c78fed55b232e81f0a1aacd572', '::1', NULL, 0, 0x5f5f63695f6c6173745f726567656e65726174657c693a313435373530353036393b, 1457505313),
('1426146ac3ebc855d19e08b188c1be8311126d37', '64.233.172.131', NULL, 0, 0x5f5f63695f6c6173745f726567656e65726174657c693a313435383533343538383b, 1458534588),
('165a5eb30bcc50b55130ec0125be7c9f792241e7', '72.38.237.254', NULL, 0, 0x5f5f63695f6c6173745f726567656e65726174657c693a313435393834323736353b, 1459842934),
('1ae8379e630bdd86fbb769736e1a62bdd2915bcd', '::1', NULL, 0, 0x5f5f63695f6c6173745f726567656e65726174657c693a313435363839393938333b, 1456900227),
('1b4457c431dc706270146021641e41ee446ee88c', '::1', NULL, 0, 0x5f5f63695f6c6173745f726567656e65726174657c693a313435383039303532363b, 1458090797),
('1c1334d580f1dd1d8bd1757ce92c0a8974fe2dc5', '64.233.172.131', NULL, 0, 0x5f5f63695f6c6173745f726567656e65726174657c693a313435393834333734313b, 1459843882),
('1e3fc71639132a787e04a972cb621c9205667313', '::1', NULL, 0, 0x5f5f63695f6c6173745f726567656e65726174657c693a313435373530393139333b, 1457509371),
('1e47f7f1c5d7f452ce3fad5767d6ce4c6c8d6062', '64.233.172.131', NULL, 0, 0x5f5f63695f6c6173745f726567656e65726174657c693a313435393834333232333b, 1459843448),
('1f5c2ad980db94848b1a5a62d94cd67117f54bf7', '24.57.53.41', NULL, 0, 0x5f5f63695f6c6173745f726567656e65726174657c693a313435383533313239313b, 1458531498),
('1fcf085f8599ae6d136994e3bdd6f20cbac59a32', '::1', NULL, 0, 0x5f5f63695f6c6173745f726567656e65726174657c693a313435373437383539383b, 1457478748),
('2', '::1', NULL, 0, 0x5f5f63695f6c6173745f726567656e65726174657c693a313435363334323139343b, 1456342196),
('209c6ca337c10e2bc6887a1b0a963fb7fbeb2e55', '69.156.176.219', NULL, 0, 0x5f5f63695f6c6173745f726567656e65726174657c693a313435383531313935383b, 1458512258),
('21043ac317308956af820ac47ae30667e45b232f', '64.233.172.131', NULL, 0, 0x5f5f63695f6c6173745f726567656e65726174657c693a313435393134313436343b, 1459141578),
('214234e54085a20372986638687607b3756b11a6', '70.27.45.102', NULL, 0, 0x5f5f63695f6c6173745f726567656e65726174657c693a313435383530333232323b, 1458503223),
('23d8c9d2746970f7c055f3041f919305f96c180a', '::1', NULL, 0, 0x5f5f63695f6c6173745f726567656e65726174657c693a313435373438313133373b, 1457481246),
('28a0e70ae40680a290c5890f9f8f9e3e897789a4', '31.13.113.80', NULL, 0, 0x5f5f63695f6c6173745f726567656e65726174657c693a313435393133383536353b, 1459138565),
('29f0dc687cc72b8e368d3f40a25e608d6e59fc02', '64.233.172.139', NULL, 0, 0x5f5f63695f6c6173745f726567656e65726174657c693a313435383539323831323b, 1458593039),
('29f2dcf94a14ea68b93f72f23d5daf1bea65d6c7', '64.233.172.131', NULL, 0, 0x5f5f63695f6c6173745f726567656e65726174657c693a313435393134303638363b, 1459140741),
('2eec50123e22d6279b053427fd3294837454c0ab', '24.57.53.41', NULL, 0, 0x5f5f63695f6c6173745f726567656e65726174657c693a313435383230353832383b, 1458205886),
('31d132a504579f10c0237935040bd1fce5c229b8', '70.51.73.45', NULL, 0, 0x5f5f63695f6c6173745f726567656e65726174657c693a313435383132323432363b, 1458122695),
('31fdeebcf5fc250a8790f3c1536ca1393b199fe1', '64.233.172.250', NULL, 0, 0x5f5f63695f6c6173745f726567656e65726174657c693a313435383539313038393b, 1458591089),
('330bba7ea8478d8ebaa1454237530c2aaa5acaec', '192.0.146.212', NULL, 0, 0x5f5f63695f6c6173745f726567656e65726174657c693a313435393032353337313b, 1459025507),
('34367d295a9988837eb7d95b30457beceb74c565', '24.57.53.41', NULL, 0, 0x5f5f63695f6c6173745f726567656e65726174657c693a313435383533323339363b, 1458532428),
('348cd6fdc09aaea4c278fa5706b28fdb2c7604c1', '205.211.141.67', NULL, 0, 0x5f5f63695f6c6173745f726567656e65726174657c693a313435393837383336303b, 1459878362),
('348e14b49795e88e30eb2c025d8d55c7eee312f6', '205.211.141.67', NULL, 0, 0x5f5f63695f6c6173745f726567656e65726174657c693a313435393837383530313b, 1459878503),
('365067029ee76ce4a9c3c569854752fee05316f6', '::1', NULL, 0, 0x5f5f63695f6c6173745f726567656e65726174657c693a313435373530383139343b, 1457508370),
('37615f27b8774f3d3232ae701d0f170ecb934504', '69.156.176.219', NULL, 0, 0x5f5f63695f6c6173745f726567656e65726174657c693a313435393134303031343b, 1459140014),
('39bd0b530e7874ffd86017359cfb4ef992546632', '::1', NULL, 0, 0x5f5f63695f6c6173745f726567656e65726174657c693a313435373530353636383b, 1457505703),
('3a3fa3942f31c1f6e65ede90a2245c99037b3b04', '64.233.172.131', NULL, 0, 0x5f5f63695f6c6173745f726567656e65726174657c693a313435383533313236383b, 1458531268),
('3b90f8f01bc88d8dfb2b5ec33e2862ecf79c97de', '192.0.146.212', NULL, 0, 0x5f5f63695f6c6173745f726567656e65726174657c693a313435393537313831303b, 1459571812),
('3ca5dc56345497e6e4ac55f3cc2e6d53bbc661d7', '64.233.172.131', NULL, 0, 0x5f5f63695f6c6173745f726567656e65726174657c693a313435383135343133353b, 1458154203),
('3e25d2da9911f50c48078057c71c1aed91446c17', '64.233.172.250', NULL, 0, 0x5f5f63695f6c6173745f726567656e65726174657c693a313435383533303230363b, 1458530206),
('403141d17facb0c2fac2cff173dbebdb3a179a4c', '::1', NULL, 0, 0x5f5f63695f6c6173745f726567656e65726174657c693a313435373530323437353b, 1457502499),
('449494056fa714c7e20d364acb4cd4d00192db8c', '24.57.53.41', NULL, 0, 0x5f5f63695f6c6173745f726567656e65726174657c693a313435383230353430373b, 1458205409),
('464854a2f0de75a83bb52c798cc5b42d44243ede', '69.156.176.219', NULL, 0, 0x5f5f63695f6c6173745f726567656e65726174657c693a313435383738393333393b, 1458789546),
('4698a3f9fe180b6d25fc13fb734cd4a01f104627', '64.233.172.139', NULL, 0, 0x5f5f63695f6c6173745f726567656e65726174657c693a313435383230343031333b, 1458204160),
('46b0e26b87948cb2ee91129ac7ae4aab4c822612', '69.156.176.219', NULL, 0, 0x5f5f63695f6c6173745f726567656e65726174657c693a313435393134313831323b, 1459141842),
('478825ac9fc3097f001c656cf2452bdf76be6c55', '::1', NULL, 0, 0x5f5f63695f6c6173745f726567656e65726174657c693a313435373437393538353b, 1457479874),
('4d94af6f29d02036c91865310660207ef5ff36e5', '::1', NULL, 0, 0x5f5f63695f6c6173745f726567656e65726174657c693a313435373439373439343b, 1457497618),
('4d989545e7d7fbac719a37e805e5184f38c1091d', '70.27.45.102', NULL, 0, 0x5f5f63695f6c6173745f726567656e65726174657c693a313435383530333232333b, 1458503223),
('4dcecbc2bf0d1a019a35990828a0993a2845cd05', '::1', NULL, 0, 0x5f5f63695f6c6173745f726567656e65726174657c693a313435373437393635313b, 1457479914),
('4e3931b6e295153ef339b0fe826bdff12af6226a', '205.211.141.67', NULL, 0, 0x5f5f63695f6c6173745f726567656e65726174657c693a313435393837383534303b, 1459878542),
('5393fa7181e9ca8a2d30c05356f8ca5ab84c11cc', '64.233.172.139', NULL, 0, 0x5f5f63695f6c6173745f726567656e65726174657c693a313435393834323736343b, 1459842764),
('56c8ae9a827e418fe02ecbbcd5c74858ab0a6862', '70.27.45.102', NULL, 0, 0x5f5f63695f6c6173745f726567656e65726174657c693a313435383530333232333b, 1458503223),
('5b7db029059c1dce04b130391414216a2d8fce63', '::1', NULL, 0, 0x5f5f63695f6c6173745f726567656e65726174657c693a313435373530323330303b, 1457502386),
('5decc3ee08dcad92d945ef14b852b3c9c6084fde', '70.27.45.102', NULL, 0, 0x5f5f63695f6c6173745f726567656e65726174657c693a313435383530333232333b, 1458503223),
('5eba309d4a7b8c36cdb5bedbe1117ad670ada86c', '69.156.176.219', NULL, 0, 0x5f5f63695f6c6173745f726567656e65726174657c693a313435393134303839393b, 1459140899),
('6352201808658e55b059b1bb77791b2b6a6310ee', '69.156.176.219', NULL, 0, 0x5f5f63695f6c6173745f726567656e65726174657c693a313435393133383536353b, 1459138565),
('63eb6d20f9a4b45f2e0b9445503bf59590cb85a9', '69.171.228.122', NULL, 0, 0x5f5f63695f6c6173745f726567656e65726174657c693a313435393134303731303b, 1459140710),
('64048644b49de9fb480af436de2b62c718f340ce', '::1', NULL, 0, 0x5f5f63695f6c6173745f726567656e65726174657c693a313435363837373239313b, 1456877371),
('64771004597860bf34c67fd7b4600e17df36de77', '::1', NULL, 0, 0x5f5f63695f6c6173745f726567656e65726174657c693a313435373438303831333b, 1457481102),
('67a5f90cd462f7370ab743fa4546ebd28954362e', '::1', NULL, 0, 0x5f5f63695f6c6173745f726567656e65726174657c693a313435373439393739323b, 1457500084),
('67d92a99ad513d8968b23f72f175dafb26f93808', '173.252.113.112', NULL, 0, 0x5f5f63695f6c6173745f726567656e65726174657c693a313435393133393631313b, 1459139611),
('68b0bd72565479b331f05f42247cd98ff718ae96', '::1', NULL, 0, 0x5f5f63695f6c6173745f726567656e65726174657c693a313435373530313938323b, 1457502272),
('6b0aadad6eb627db8285e194ce61f8cc4939f8a8', '64.233.172.250', NULL, 0, 0x5f5f63695f6c6173745f726567656e65726174657c693a313435383132323831343b, 1458123059),
('6c5010aeb7683f2e7a078a104ee1e0cfc409e324', '::1', NULL, 0, 0x5f5f63695f6c6173745f726567656e65726174657c693a313435383039303030343b, 1458090065),
('6d980d2029327c36132725d74c52a31ae142bf78', '205.211.142.130', NULL, 0, 0x5f5f63695f6c6173745f726567656e65726174657c693a313435383539333238363b, 1458593288),
('6dae363f089fd8db1707a94068e1755a62df69ba', '64.233.172.250', NULL, 0, 0x5f5f63695f6c6173745f726567656e65726174657c693a313435383533323037343b, 1458532074),
('6e9ba4240324940b49fe3cf244b19e777fa68a88', '64.233.172.131', NULL, 0, 0x5f5f63695f6c6173745f726567656e65726174657c693a313435383131373436363b, 1458117466),
('71b25d2817f70541bbc3b3ddc2b856b3f36b4197', '24.57.53.41', NULL, 0, 0x5f5f63695f6c6173745f726567656e65726174657c693a313435383533303231393b, 1458530448),
('71e9ca28f7bb5dae05a1db317f7228d3f5d05660', '70.51.73.45', NULL, 0, 0x5f5f63695f6c6173745f726567656e65726174657c693a313435383132333231393b, 1458123471),
('731bce1bc483c4ea6a01aa6f8d68238d61c7a98a', '::1', NULL, 0, 0x5f5f63695f6c6173745f726567656e65726174657c693a313435373530313038363b, 1457501086),
('73b923a6f8968c6be6018ee75c93730c623aafe7', '40.78.146.128', NULL, 0, 0x5f5f63695f6c6173745f726567656e65726174657c693a313435383539333338393b, 1458593391),
('773cff5e26287c65117b52e8086ca1c2d7d19e43', '69.156.176.219', NULL, 0, 0x5f5f63695f6c6173745f726567656e65726174657c693a313435383531323236393b, 1458512269),
('7a8a63add57eeb0980ccda920090f9ec89c3e396', '24.57.53.41', NULL, 0, 0x5f5f63695f6c6173745f726567656e65726174657c693a313435393634323333383b, 1459642338),
('7ac61e6883f3d55ef1b38593dddf1abdbf66f61c', '::1', NULL, 0, 0x5f5f63695f6c6173745f726567656e65726174657c693a313435363838373236363b, 1456887284),
('7bd2124fb0b8ade53b42f4f9032fcf120a503d42', '64.233.172.250', NULL, 0, 0x5f5f63695f6c6173745f726567656e65726174657c693a313435383132333231363b, 1458123216),
('7c4e656df92e40d36bc79cf93b61063e4fe27bfb', '24.57.53.41', NULL, 0, 0x5f5f63695f6c6173745f726567656e65726174657c693a313435393536333032343b, 1459563026),
('7e3d1a2d275f6b6b2ba9291d7357af0d2bdb2636', '::1', NULL, 0, 0x5f5f63695f6c6173745f726567656e65726174657c693a313435383038373933393b, 1458087947),
('80de5658d10efba085218419f1633f1c1912f2a3', '173.252.122.116', NULL, 0, 0x5f5f63695f6c6173745f726567656e65726174657c693a313435393134303331343b, 1459140314),
('81c0b7e53b0132c2096c4e7134c2094deab454e6', '24.246.20.73', NULL, 0, 0x5f5f63695f6c6173745f726567656e65726174657c693a313435393034323930333b, 1459042903),
('84912176edab3d481a4b7e25ca0fabd18c1a5daf', '72.38.237.254', NULL, 0, 0x5f5f63695f6c6173745f726567656e65726174657c693a313435393834313834303b, 1459842015),
('85793d006f75207cf49aab42404c175e49eed84b', '69.156.176.219', NULL, 0, 0x5f5f63695f6c6173745f726567656e65726174657c693a313435393134313835343b, 1459141972),
('8857cfddac1aa0c440899fa9f33210c01ab60d4e', '192.0.146.212', NULL, 0, 0x5f5f63695f6c6173745f726567656e65726174657c693a313435393537323730363b, 1459572838),
('8d1c6f9d979c8e2a554305a8916c627eb21da7d7', '64.233.172.250', NULL, 0, 0x5f5f63695f6c6173745f726567656e65726174657c693a313435383132323039333b, 1458122112),
('8e30896b86423f9bb9b2dfb2bfb2c069f9862d75', '69.156.176.219', NULL, 0, 0x5f5f63695f6c6173745f726567656e65726174657c693a313435393133393231363b, 1459139414),
('900fbeb723887ce51ecb9799674a7129411c28d8', '::1', NULL, 0, 0x5f5f63695f6c6173745f726567656e65726174657c693a313435373438303139323b, 1457480220),
('901a12cd2cedbe767fc8fedcf99b6410109edd20', '64.233.172.139', NULL, 0, 0x5f5f63695f6c6173745f726567656e65726174657c693a313435393834323235373b, 1459842257),
('9506c98e564488e85816a7354ba40d597f0ab640', '::1', NULL, 0, 0x5f5f63695f6c6173745f726567656e65726174657c693a313435373530303130323b, 1457500334),
('973ca80b37622e5673477cf1b36b3f40775d348a', '64.233.172.250', NULL, 0, 0x5f5f63695f6c6173745f726567656e65726174657c693a313435383533323935333b, 1458533178),
('97a5cc83fedf7118917fd24529e86795efb87114', '69.171.228.116', NULL, 0, 0x5f5f63695f6c6173745f726567656e65726174657c693a313435393134303731313b, 1459140711),
('981e8e6c28ede148c1d97c3ca50b8c9c09894266', '205.211.141.67', NULL, 0, 0x5f5f63695f6c6173745f726567656e65726174657c693a313435393837383535323b, 1459878552),
('985361e4f894bdea27e34c557254bbcc4dfd6575', '::1', NULL, 0, 0x5f5f63695f6c6173745f726567656e65726174657c693a313435383038383031383b, 1458088050),
('98e4c7406631dc7f33ae04382fe8fe1069b69a48', '::1', NULL, 0, 0x5f5f63695f6c6173745f726567656e65726174657c693a313435373530303738313b, 1457501048),
('99fbb2d627ba0daca80385ca090410b7e7307250', '64.233.172.139', NULL, 0, 0x5f5f63695f6c6173745f726567656e65726174657c693a313435383533313132383b, 1458531128),
('9b67e03e7b645865d4855b8c40e207c4465a7a10', '::1', NULL, 0, 0x5f5f63695f6c6173745f726567656e65726174657c693a313435373435353331303b, 1457455312),
('9e2cca1c8f37479a3dda639942195621f591c0e6', '69.156.176.219', NULL, 0, 0x5f5f63695f6c6173745f726567656e65726174657c693a313435383533323535343b, 1458532554),
('9fbac8f72cd942afad7f3ae9fc93349adf749324', '::1', NULL, 0, 0x5f5f63695f6c6173745f726567656e65726174657c693a313435373530373533343b, 1457507739),
('9fc7a0653994e51f94279a579210676816a8ca66', '::1', NULL, 0, 0x5f5f63695f6c6173745f726567656e65726174657c693a313435373530303435363b, 1457500737),
('9ffd3f1dfa032dceae5ad08dbd4b24824666f93e', '64.233.172.250', NULL, 0, 0x5f5f63695f6c6173745f726567656e65726174657c693a313435383230353936383b, 1458205970),
('a0d86cd52f383c862bb97b46c745026823e83643', '64.233.172.139', NULL, 0, 0x5f5f63695f6c6173745f726567656e65726174657c693a313435383533313634353b, 1458531645),
('a0dd57fbbdd559468bbdba69a1fa8269c2e10e1c', '::1', NULL, 0, 0x5f5f63695f6c6173745f726567656e65726174657c693a313435363839383934393b, 1456899224),
('a11ef51d5012a2e845914c762af3e7348f518423', '::1', NULL, 0, 0x5f5f63695f6c6173745f726567656e65726174657c693a313435373431383033393b, 1457418041),
('a5b81783edce1bb72159d7211fe3effbf02092b8', '205.211.141.67', NULL, 0, 0x5f5f63695f6c6173745f726567656e65726174657c693a313435393837383537363b, 1459878576),
('a6b75eca7eb6e00ae9e98ce307e6ae00bd2b1bef', '64.233.172.131', NULL, 0, 0x5f5f63695f6c6173745f726567656e65726174657c693a313435383131363334363b, 1458116608),
('a73fc3c536951fa156a15346bedf18a719b59946', '64.233.172.250', NULL, 0, 0x5f5f63695f6c6173745f726567656e65726174657c693a313435383132323432323b, 1458122422),
('aae3d8cadbe53af6139133ed9aec95159cae1368', '::1', NULL, 0, 0x5f5f63695f6c6173745f726567656e65726174657c693a313435373439383334343b, 1457498431),
('ad25303eb398e1363fd4b6078557f40033a1c7ed', '64.233.172.250', NULL, 0, 0x5f5f63695f6c6173745f726567656e65726174657c693a313435393138343234323b, 1459184254),
('b0ec4af31d7e0995e5134a7cb5016b8f46981cd8', '173.252.90.243', NULL, 0, 0x5f5f63695f6c6173745f726567656e65726174657c693a313435393134303331313b, 1459140311),
('b25742969698f25c3732661d227cfe3170182da5', '::1', NULL, 0, 0x5f5f63695f6c6173745f726567656e65726174657c693a313435383039363235393b, 1458096528),
('b2cc1bc08b9b8c8c33b2773912b03b79648d9598', '::1', NULL, 0, 0x5f5f63695f6c6173745f726567656e65726174657c693a313435373530363631333b, 1457506884),
('b59441ad24077449e0f026a626631dc25dd1eaeb', '23.101.61.176', NULL, 0, 0x5f5f63695f6c6173745f726567656e65726174657c693a313435383835313334363b, 1458851348),
('b9cbd8f185653adbd54e536b861f1cd46c200976', '::1', NULL, 0, 0x5f5f63695f6c6173745f726567656e65726174657c693a313435383038383832383b, 1458089102),
('bbb57fd7478b2e109f5da902e30da86118f0f796', '::1', NULL, 0, 0x5f5f63695f6c6173745f726567656e65726174657c693a313435373530343134333b, 1457504227),
('bbed5baa9ad1a4c2bd7274daf5cd5bac0bb6d19c', '64.233.172.139', NULL, 0, 0x5f5f63695f6c6173745f726567656e65726174657c693a313435393133393630323b, 1459139672),
('be4c59cc676487f471b0cbdd493609fc3c8840a8', '173.252.114.115', NULL, 0, 0x5f5f63695f6c6173745f726567656e65726174657c693a313435393133383534363b, 1459138546),
('be54272dea6bf01817edeb8dd1ec9d9125633d08', '205.211.141.67', NULL, 0, 0x5f5f63695f6c6173745f726567656e65726174657c693a313435393837383831363b, 1459878818),
('c01945748ad13dadd0e8994c16c21352c2fb6780', '64.233.172.250', NULL, 0, 0x5f5f63695f6c6173745f726567656e65726174657c693a313435383539323439343b, 1458592527),
('c07953ba138a915c5a99e625b55910c8288f4330', '::1', NULL, 0, 0x5f5f63695f6c6173745f726567656e65726174657c693a313435363839393635323b, 1456899942),
('c0eaf0f8bdc4789dbab839738d1e4425e2af8ebc', '64.233.172.139', NULL, 0, 0x5f5f63695f6c6173745f726567656e65726174657c693a313435393231383234353b, 1459218442),
('c1b83beaee878d098a6561a4071e57e53d42bf03', '173.252.122.121', NULL, 0, 0x5f5f63695f6c6173745f726567656e65726174657c693a313435393133393631313b, 1459139611),
('c34b2e7fa5d4d08d0a708c4841c45676ff5bdc4f', '205.211.141.207', NULL, 0, 0x5f5f63695f6c6173745f726567656e65726174657c693a313435383136333232333b, 1458163225),
('c34f2b3eeadb7c1e3e9a6eeb74087920b02f0c92', '::1', NULL, 0, 0x5f5f63695f6c6173745f726567656e65726174657c693a313435373530373838383b, 1457508129),
('c3fb037ada3760e5d1f74b3989e30bb0696a352b', '24.57.53.41', NULL, 0, 0x5f5f63695f6c6173745f726567656e65726174657c693a313435383533313635353b, 1458531682),
('c54508112fe67dde63123dfdfe9682cec32d6cd0', '::1', NULL, 0, 0x5f5f63695f6c6173745f726567656e65726174657c693a313435373439373931303b, 1457498096),
('c7fa3ce9cd12efde02989003de85e2ffd944d47b', '64.233.172.250', NULL, 0, 0x5f5f63695f6c6173745f726567656e65726174657c693a313435393138323234313b, 1459182354),
('c928939a70af3b944ffa419348b432b6ac094922', '::1', NULL, 0, 0x5f5f63695f6c6173745f726567656e65726174657c693a313435363334323331343b, 1456343544),
('c9e444f3e2cc4c0cfcf17fe994bc68e3e1a6064a', '70.27.45.102', NULL, 0, 0x5f5f63695f6c6173745f726567656e65726174657c693a313435383530333232333b, 1458503223),
('ca5a1fbfb42984ec552b0cecd01fa1eaa8ce6c65', '64.233.172.250', NULL, 0, 0x5f5f63695f6c6173745f726567656e65726174657c693a313435383131383435313b, 1458118557),
('cafec5f57176e2621078967a7676c8474afd3144', '::1', NULL, 0, 0x5f5f63695f6c6173745f726567656e65726174657c693a313435373530383530353b, 1457508711),
('cb19b85abcfa4f78910a880e7eea76d1d8262c5d', '192.0.146.212', NULL, 0, 0x5f5f63695f6c6173745f726567656e65726174657c693a313435393032363233363b, 1459026236),
('cca0065fa8fc754eb962a79c043dac2667b2d244', '64.233.172.250', NULL, 0, 0x5f5f63695f6c6173745f726567656e65726174657c693a313435393834313531353b, 1459841515),
('d088e056bd4331e43092e0fbd40fa497e977b1b2', '70.51.73.45', NULL, 0, 0x5f5f63695f6c6173745f726567656e65726174657c693a313435383131373436393b, 1458117670),
('d0e8860c752baf13b89ba7648551fab328572790', '64.233.172.250', NULL, 0, 0x5f5f63695f6c6173745f726567656e65726174657c693a313435383131343930353b, 1458115163),
('d31fba06a34e3154de7b20161cb808a583b2dc5f', '70.51.73.45', NULL, 0, 0x5f5f63695f6c6173745f726567656e65726174657c693a313435383131373739313b, 1458118040),
('d41c8fe1a234cf835b9dff00ecdfc556a6def3d5', '64.233.172.250', NULL, 0, 0x5f5f63695f6c6173745f726567656e65726174657c693a313435383533343135323b, 1458534350),
('d48676018f4b736b67ee8a8836ce4c79252c43a6', '::1', NULL, 0, 0x5f5f63695f6c6173745f726567656e65726174657c693a313435373437373531323b, 1457477774),
('d48f2551328a0099bd58ae2f4d997e5f5525d61f', '::1', NULL, 0, 0x5f5f63695f6c6173745f726567656e65726174657c693a313435383039303930313b, 1458090944),
('d6233907c7f10b5c4771a6ec0a0de592b8fbb806', '205.211.141.67', NULL, 0, 0x5f5f63695f6c6173745f726567656e65726174657c693a313435393837383437373b, 1459878479),
('d666bcc732d856a7771eadfdda0990fdd1e4d008', '64.233.172.250', NULL, 0, 0x5f5f63695f6c6173745f726567656e65726174657c693a313435393834343230303b, 1459844200),
('da09adb88f2b3679f8c1a4df41db2ce759bccc54', '72.38.237.254', NULL, 0, 0x5f5f63695f6c6173745f726567656e65726174657c693a313435393834343230313b, 1459844402),
('da302ca47e55ef3128f200fadda32b9035373162', '::1', NULL, 0, 0x5f5f63695f6c6173745f726567656e65726174657c693a313435383039353839343b, 1458096186),
('db42ec9cab4ce6ed8a8ec38ea33bdb50bf7167d1', '::1', NULL, 0, 0x5f5f63695f6c6173745f726567656e65726174657c693a313435363534353331303b, 1456545312),
('dd8609e396b36827369684fed95088f7f0b5b6ae', '::1', NULL, 0, 0x5f5f63695f6c6173745f726567656e65726174657c693a313435363837373833303b, 1456877999),
('de8e1ce0bce4e8e98ced56a05e753c1690ba7b81', '69.156.176.219', NULL, 0, 0x5f5f63695f6c6173745f726567656e65726174657c693a313435393134303333383b, 1459140346),
('e1508181c4fafcc2cd4627bd4c279818d745da61', '64.233.172.139', NULL, 0, 0x5f5f63695f6c6173745f726567656e65726174657c693a313435383131373738393b, 1458117789),
('e1d5936399fc0a5b152523c579682b31f5af290d', '64.233.172.139', NULL, 0, 0x5f5f63695f6c6173745f726567656e65726174657c693a313435383235373533303b, 1458257532),
('e5b437afad1faadc0c0c511b79d0fc3f6756bf8f', '64.233.172.131', NULL, 0, 0x5f5f63695f6c6173745f726567656e65726174657c693a313435383533333336343b, 1458533364),
('e80eae35d5161f6d382531ed6a9f2f7b11a95cbf', '72.38.237.254', NULL, 0, 0x5f5f63695f6c6173745f726567656e65726174657c693a313435393834323236303b, 1459842478),
('ea22a1b81c8dd74662fd09f5336d86aae810a7a4', '::1', NULL, 0, 0x5f5f63695f6c6173745f726567656e65726174657c693a313435373438313035303b, 1457481271),
('ec86ddf59a8860c2588fd1b3ed6b3d0f7cc25ddd', '::1', NULL, 0, 0x5f5f63695f6c6173745f726567656e65726174657c693a313435373530383838373b, 1457509131),
('ecd47099d5cfaeb7d09d018bcdfb26aa30a86d03', '104.45.18.178', NULL, 0, 0x5f5f63695f6c6173745f726567656e65726174657c693a313435383736363835353b, 1458766857),
('edc3ca1893f69c74b01f55b562b2d05a46594d1a', '::1', NULL, 0, 0x5f5f63695f6c6173745f726567656e65726174657c693a313435373437373933383b, 1457478064),
('ede7b55bd920b408a002a6dfb4b9758f1a19365e', '64.233.172.139', NULL, 0, 0x5f5f63695f6c6173745f726567656e65726174657c693a313435383230353136333b, 1458205189),
('ef7dab94e69bd7f059fd40b37b30586c273a0433', '173.252.90.230', NULL, 0, 0x5f5f63695f6c6173745f726567656e65726174657c693a313435383136333136343b, 1458163166),
('f134d0351454cf1c4b5ae1b7c0a468b984e36f87', '31.13.113.95', NULL, 0, 0x5f5f63695f6c6173745f726567656e65726174657c693a313435393133393630393b, 1459139609),
('f27da0a7328bfea6cf3f81fbbf679d4e51f11190', '70.51.73.45', NULL, 0, 0x5f5f63695f6c6173745f726567656e65726174657c693a313435383131363939313b, 1458117256),
('f455b3784480919e245b8f30360185d016405beb', '64.233.172.131', NULL, 0, 0x5f5f63695f6c6173745f726567656e65726174657c693a313435393133383733363b, 1459138736),
('f4f7f0b7def807bc77559d9c2638006ff42b1f97', '69.156.176.219', NULL, 0, 0x5f5f63695f6c6173745f726567656e65726174657c693a313435393133393538323b, 1459139582),
('f53eba51c87004f3b04b6766311e539502722e13', '72.38.237.254', NULL, 0, 0x5f5f63695f6c6173745f726567656e65726174657c693a313435393834313532333b, 1459841821),
('f5913c891389482fd33d4803d7d7d5705af16c33', '64.233.172.131', NULL, 0, 0x5f5f63695f6c6173745f726567656e65726174657c693a313435383131363938383b, 1458116988),
('f7103fac6b7834bd3a5dde3f58d980cc41f64749', '24.57.53.41', NULL, 0, 0x5f5f63695f6c6173745f726567656e65726174657c693a313435393138323138383b, 1459182362),
('f7b3beb569b30f84b5e6cbaa732a8cab7b37c910', '::1', NULL, 0, 0x5f5f63695f6c6173745f726567656e65726174657c693a313435373530363931373b, 1457507060),
('f85c0b3333c70b90fd187a4ce1e3293050c13033', '173.252.90.240', NULL, 0, 0x5f5f63695f6c6173745f726567656e65726174657c693a313435393134303730303b, 1459140700),
('f9a3874ea74d03cc6ce1bb10af42a1dec07e248d', '::1', NULL, 0, 0x5f5f63695f6c6173745f726567656e65726174657c693a313435373530393839373b, 1457510190),
('fb23b49834fe81c928897a8e5d4c1b30213c0851', '64.233.172.139', NULL, 0, 0x5f5f63695f6c6173745f726567656e65726174657c693a313435393133383336303b, 1459138360),
('fce22db1863d3a821cf9b52868fb1da6ede683f1', '69.156.176.219', NULL, 0, 0x5f5f63695f6c6173745f726567656e65726174657c693a313435383533313930333b, 1458531903),
('febaee154c2c2116216d1fde91dfb97a3efe1f8b', '::1', NULL, 0, 0x5f5f63695f6c6173745f726567656e65726174657c693a313435363838373637303b, 1456887830),
('ff1909cceff2003f10b96f6d828c598776fdce7a', '::1', NULL, 0, 0x5f5f63695f6c6173745f726567656e65726174657c693a313435373437393838373b, 1457480156);

-- --------------------------------------------------------

--
-- Table structure for table `stat_history`
--

CREATE TABLE IF NOT EXISTS `stat_history` (
  `id` int(11) NOT NULL,
  `create_time` timestamp NULL DEFAULT CURRENT_TIMESTAMP,
  `status` tinytext,
  `users_id` int(11) NOT NULL,
  `mood_colours_id` int(11) NOT NULL
) ENGINE=InnoDB DEFAULT CHARSET=utf8;

-- --------------------------------------------------------

--
-- Table structure for table `users`
--

CREATE TABLE IF NOT EXISTS `users` (
`id` int(11) NOT NULL,
  `username` varchar(16) NOT NULL,
  `email` varchar(100) NOT NULL,
  `password` varchar(44) NOT NULL,
  `create_time` timestamp NULL DEFAULT CURRENT_TIMESTAMP,
  `photo_url` tinytext,
  `dob` date DEFAULT NULL,
  `description` tinytext,
  `gender` varchar(1) DEFAULT NULL,
  `status` tinytext,
  `country` varchar(45) DEFAULT NULL,
  `region` varchar(45) DEFAULT NULL,
  `city` varchar(45) DEFAULT NULL,
  `zip_code` varchar(10) DEFAULT NULL,
  `access_level` int(11) DEFAULT NULL,
  `is_active` tinyint(1) NOT NULL DEFAULT '1',
  `tos_checked` tinyint(1) NOT NULL DEFAULT '1',
  `age_checked` tinyint(1) NOT NULL DEFAULT '1',
  `mood_colours_id` int(11) NOT NULL DEFAULT '2'
) ENGINE=InnoDB AUTO_INCREMENT=197 DEFAULT CHARSET=utf8;

--
-- Dumping data for table `users`
--

INSERT INTO `users` (`id`, `username`, `email`, `password`, `create_time`, `photo_url`, `dob`, `description`, `gender`, `status`, `country`, `region`, `city`, `zip_code`, `access_level`, `is_active`, `tos_checked`, `age_checked`, `mood_colours_id`) VALUES
(1, 'chaser', 'chae@me.com', '123456', '2016-02-09 06:48:04', NULL, '1982-08-05', 'Im too awesome for myself this is a post int', 'm', 'Too Cool for school', 'Canada', 'Ontario', 'Lemington', 'N8H 4Y9', NULL, 0, 1, 1, 5),
(2, 'loopy', 'someone@something.com', '123456', '2016-02-09 06:48:04', '', '1980-02-04', 'Im too awesome for myself this is a post intIm too awesome for myself this is a post intIm too awesome for myself this is a post int', 'F', 'Im too awesome for myself this is a post intIm too awesome for myself this is a post intIm too awesome for myself this is a post intIm too awesome for myself this is a post intIm too awesome for myself this is a post intIm too awesome for myself this is a', 'Lebanon', NULL, NULL, NULL, NULL, 0, 1, 1, 1),
(3, 'ajax', 'ajax@php.net', '123456', '2016-02-09 06:58:02', NULL, NULL, 'Im too awesome for myself this is a post intIm too awesome for myself this is a post intIm too awesome for myself this is a post intIm too awesome for myself this is a post intIm too awesome for myself this is a post intIm too awesome for myself this is a', NULL, 'Im too awesome for myself this is a post intIm too awesome for myself this is a post intIm too awesome for myself this is a post int', NULL, NULL, NULL, NULL, NULL, 1, 1, 1, 1),
(4, 'QueryThis', 'j@query.ca', '123456', '2016-02-09 06:58:02', NULL, NULL, 'Im too awesome for myself this is a post intIm too awesome for myself this is a post intIm too awesome for myself this is a post intIm too awesome for myself this is a post intIm too awesome for myself this is a post intIm too awesome for myself this is a', NULL, 'Im too awesome for myself this is a post intIm too awesome for myself this is a post intIm too awesome for myself this is a post int', NULL, NULL, '90210', NULL, NULL, 1, 1, 1, 2),
(5, 'Budah', 'Buddah@my20.ca', '123456', '2016-02-09 08:35:15', NULL, NULL, NULL, NULL, NULL, NULL, NULL, NULL, NULL, NULL, 1, 1, 1, 1),
(23, 'Price', 'price@right,com', '123456', '2016-02-09 08:36:51', NULL, NULL, NULL, NULL, NULL, NULL, NULL, NULL, NULL, NULL, 1, 1, 1, 2),
(24, 'gogo', 'gp@my20.ca', '123456', '2016-02-09 08:36:51', NULL, NULL, NULL, NULL, NULL, NULL, NULL, NULL, NULL, NULL, 1, 1, 1, 1),
(41, 'topnytonto', 'yonm', 'password', '2016-02-22 04:03:51', NULL, NULL, NULL, NULL, NULL, NULL, NULL, NULL, NULL, NULL, 1, 1, 1, 2),
(183, 'user123', 'me1@you.com', '123456', '2016-02-23 00:05:17', NULL, NULL, NULL, NULL, NULL, NULL, NULL, NULL, NULL, NULL, 1, 1, 1, 2),
(184, 'ajax123', 'ajax123@php.net', '123456', '2016-03-16 02:39:09', NULL, NULL, NULL, NULL, NULL, NULL, NULL, NULL, NULL, NULL, 1, 1, 1, 2),
(188, 'toto', 'tony@to.ca', '123456', '2016-03-16 02:42:57', '', '1982-08-05', 'im cool like that, add me to your list', 'm', 'im cool like that, add me to your list', 'canada', 'Ontario', 'compton', 'N8H 3Y6', NULL, 0, 1, 1, 2),
(191, 'crystalslsl', 'crystal@to.ca', '123456', '2016-03-16 08:52:25', 'https://www.google.ca/url?sa=i&rct=j&q=&esrc=s&source=images&cd=&cad=rja&uact=8&ved=0ahUKEwi7w82D6sTLAhXKw4MKHePrBxwQjRwIBw&url=http%3A%2F%2Fwww.lego.com%2Fen-us%2Fdisneyprincess%2Fvideos%2Ffrozen-picture-perfect-cc2cd8bb06de4ade82f215a1b3193ed5&psig=AFQj', '1982-12-05', 'cool chick', 'f', 'cool chick', 'canada', 'Ontario', 'Toronto', 'N3H 3O6', NULL, 1, 1, 1, 2),
(192, 'tonyo', 'tony@ton.ca', 'xckwjh', '2016-03-16 18:49:54', '/images/me.png', '1969-12-13', 'Im too cool for school biatch', 'M', 'Im too cool for school biatch', 'Canada', 'ontario', 'Leamington', NULL, NULL, 1, 1, 1, 2),
(194, 'Igorok', '', '', '2016-03-20 19:47:03', '/styles/styleImgs/avatarM1.png', '1918-00-04', 'Hi! I am the best js programmer in the world!!!!!!!!!! bla bla!!', 'F', 'Hi! I am the best js programmer in the world!!!!!!!!!! bla bla!!', 'Ukraine', 'DNEPROOOOOO', 'Dnepr', NULL, NULL, 1, 1, 1, 2),
(195, 'Ryoreo', 'sereneryo@gmail.com', 'Huemenator1', '2016-03-26 20:51:47', '/styles/styleImgs/avatarD1.png', '1982-09-28', 'Makeshift moderator and HueMe advocate.', 'O', 'Makeshift moderator and HueMe advocate.', 'Canada', 'Ontario', 'London', NULL, NULL, 1, 1, 1, 2),
(196, 'Silver', 'Silver!!!@g.c', 'Silver!!!', '2016-04-05 17:49:36', NULL, NULL, NULL, NULL, NULL, NULL, NULL, NULL, NULL, NULL, 1, 1, 1, 2);

--
-- Indexes for dumped tables
--

--
-- Indexes for table `comments`
--
ALTER TABLE `comments`
 ADD PRIMARY KEY (`id`,`users_id`), ADD KEY `fk_comments_posts1_idx` (`posts_id`), ADD KEY `fk_comments_users1_idx` (`users_id`);

--
-- Indexes for table `mood_colours`
--
ALTER TABLE `mood_colours`
 ADD PRIMARY KEY (`id`);

--
-- Indexes for table `notify`
--
ALTER TABLE `notify`
 ADD PRIMARY KEY (`id`,`users_id`), ADD KEY `fk_notify_users1_idx` (`users_id`);

--
-- Indexes for table `posts`
--
ALTER TABLE `posts`
 ADD PRIMARY KEY (`id`,`mood_colours_id`,`users_id`), ADD KEY `fk_posts_mood_colours1_idx` (`mood_colours_id`), ADD KEY `fk_posts_users1_idx` (`users_id`);

--
-- Indexes for table `session_record`
--
ALTER TABLE `session_record`
 ADD PRIMARY KEY (`id`);

--
-- Indexes for table `stat_history`
--
ALTER TABLE `stat_history`
 ADD PRIMARY KEY (`id`,`users_id`,`mood_colours_id`), ADD KEY `fk_stat_history_users1_idx` (`users_id`), ADD KEY `fk_stat_history_mood_colours1_idx` (`mood_colours_id`);

--
-- Indexes for table `users`
--
ALTER TABLE `users`
 ADD PRIMARY KEY (`id`,`mood_colours_id`), ADD UNIQUE KEY `username` (`username`,`email`), ADD KEY `fk_users_mood_colours1_idx` (`mood_colours_id`);

--
-- AUTO_INCREMENT for dumped tables
--

--
-- AUTO_INCREMENT for table `comments`
--
ALTER TABLE `comments`
MODIFY `id` int(11) NOT NULL AUTO_INCREMENT,AUTO_INCREMENT=17;
--
-- AUTO_INCREMENT for table `mood_colours`
--
ALTER TABLE `mood_colours`
MODIFY `id` int(11) NOT NULL AUTO_INCREMENT,AUTO_INCREMENT=7;
--
-- AUTO_INCREMENT for table `posts`
--
ALTER TABLE `posts`
MODIFY `id` int(11) NOT NULL AUTO_INCREMENT,AUTO_INCREMENT=26;
--
-- AUTO_INCREMENT for table `users`
--
ALTER TABLE `users`
MODIFY `id` int(11) NOT NULL AUTO_INCREMENT,AUTO_INCREMENT=197;
/*!40101 SET CHARACTER_SET_CLIENT=@OLD_CHARACTER_SET_CLIENT */;
/*!40101 SET CHARACTER_SET_RESULTS=@OLD_CHARACTER_SET_RESULTS */;
/*!40101 SET COLLATION_CONNECTION=@OLD_COLLATION_CONNECTION */;
